{
  "_fv": 51,
  "_type": "tool",
  "definition": {
    "toolType": "Pickaxe",
    "renderType": 0,
    "texture": "elephant_pickaxe",
    "customModelName": "Normal",
    "name": "Elephant Pickaxe",
    "specialInformation": {
      "fixedValue": []
    },
    "creativeTab": {
      "value": "TOOLS"
    },
    "harvestLevel": 2,
    "efficiency": 7.0,
    "attackSpeed": 1.4000000000000001,
    "enchantability": 20,
    "damageVsEntity": 4.0,
    "usageCount": 788,
    "blocksAffected": [],
    "glowCondition": {
      "fixedValue": false
    },
    "repairItems": [],
    "immuneToFire": false,
    "stayInGridWhenCrafting": false,
    "damageOnCrafting": false
  }
}